lang_id,index
eng,1
eng,2
ven,3
eng,4
eng,5
sot,6
eng,7
sot,8
eng,9
eng,10
sot,11
tso,12
ven,13
sot,14
tso,15
eng,16
tsn,17
eng,18
afr,19
eng,20
afr,21
tsn,22
eng,23
eng,24
sot,25
eng,26
ven,27
afr,28
ven,29
tso,30
eng,31
eng,32
sot,33
sot,34
eng,35
afr,36
sot,37
eng,38
sot,39
eng,40
eng,41
eng,42
tso,43
eng,44
afr,45
eng,46
eng,47
sot,48
eng,49
tsn,50
sot,51
tsn,52
sot,53
sot,54
eng,55
tsn,56
ssw,57
eng,58
eng,59
sot,60
afr,61
sot,62
afr,63
eng,64
eng,65
eng,66
tsn,67
sot,68
sot,69
eng,70
eng,71
sot,72
eng,73
sot,74
afr,75
eng,76
eng,77
tso,78
eng,79
eng,80
eng,81
sot,82
eng,83
sot,84
afr,85
sot,86
sot,87
tso,88
tso,89
eng,90
eng,91
eng,92
tsn,93
sot,94
eng,95
sot,96
afr,97
eng,98
ven,99
eng,100
eng,101
ven,102
sot,103
eng,104
ven,105
ven,106
eng,107
sot,108
sot,109
sot,110
eng,111
eng,112
eng,113
eng,114
eng,115
sot,116
afr,117
tsn,118
eng,119
eng,120
sot,121
eng,122
eng,123
sot,124
sot,125
afr,126
eng,127
tso,128
ven,129
ven,130
tso,131
ven,132
eng,133
sot,134
sot,135
eng,136
eng,137
sot,138
eng,139
afr,140
sot,141
ven,142
eng,143
sot,144
eng,145
eng,146
sot,147
sot,148
eng,149
ven,150
sot,151
eng,152
eng,153
ven,154
eng,155
eng,156
eng,157
ven,158
eng,159
sot,160
eng,161
tso,162
eng,163
ven,164
eng,165
sot,166
eng,167
eng,168
eng,169
eng,170
eng,171
eng,172
eng,173
afr,174
ven,175
ven,176
afr,177
eng,178
ven,179
ven,180
ven,181
sot,182
eng,183
eng,184
sot,185
sot,186
eng,187
eng,188
xho,189
eng,190
eng,191
sot,192
sot,193
eng,194
eng,195
ven,196
sot,197
eng,198
eng,199
eng,200
sot,201
afr,202
eng,203
eng,204
eng,205
afr,206
eng,207
tso,208
sot,209
eng,210
eng,211
tso,212
afr,213
eng,214
tso,215
afr,216
eng,217
tso,218
afr,219
eng,220
tso,221
tso,222
afr,223
eng,224
eng,225
ven,226
eng,227
eng,228
eng,229
sot,230
eng,231
eng,232
ven,233
sot,234
eng,235
eng,236
sot,237
tso,238
sot,239
sot,240
afr,241
eng,242
eng,243
tsn,244
eng,245
tsn,246
eng,247
sot,248
eng,249
eng,250
eng,251
sot,252
sot,253
tso,254
eng,255
eng,256
sot,257
tsn,258
eng,259
ven,260
eng,261
eng,262
eng,263
sot,264
eng,265
eng,266
eng,267
eng,268
eng,269
afr,270
sot,271
afr,272
eng,273
sot,274
eng,275
sot,276
eng,277
ssw,278
sot,279
eng,280
eng,281
sot,282
eng,283
eng,284
eng,285
eng,286
ven,287
ssw,288
ven,289
sot,290
sot,291
sot,292
tso,293
sot,294
ven,295
eng,296
tsn,297
ven,298
eng,299
sot,300
ssw,301
afr,302
eng,303
eng,304
tsn,305
eng,306
ven,307
sot,308
ven,309
ven,310
eng,311
eng,312
tso,313
ven,314
eng,315
sot,316
afr,317
tsn,318
ven,319
eng,320
ven,321
ven,322
sot,323
sot,324
ven,325
afr,326
eng,327
ven,328
ven,329
afr,330
eng,331
eng,332
eng,333
eng,334
sot,335
afr,336
afr,337
ven,338
tso,339
sot,340
sot,341
eng,342
eng,343
sot,344
tso,345
tsn,346
tso,347
tso,348
eng,349
eng,350
eng,351
afr,352
sot,353
sot,354
xho,355
eng,356
ven,357
sot,358
tsn,359
eng,360
afr,361
tsn,362
ssw,363
tso,364
tso,365
tsn,366
eng,367
eng,368
eng,369
afr,370
eng,371
afr,372
ven,373
eng,374
eng,375
ven,376
sot,377
tsn,378
sot,379
sot,380
tso,381
tsn,382
eng,383
tsn,384
afr,385
eng,386
tsn,387
sot,388
eng,389
sot,390
ven,391
afr,392
eng,393
sot,394
eng,395
sot,396
eng,397
sot,398
afr,399
eng,400
sot,401
tso,402
sot,403
sot,404
eng,405
sot,406
eng,407
tsn,408
sot,409
eng,410
eng,411
eng,412
sot,413
sot,414
eng,415
tsn,416
eng,417
ssw,418
ven,419
sot,420
eng,421
ven,422
eng,423
eng,424
tso,425
afr,426
sot,427
eng,428
eng,429
eng,430
sot,431
afr,432
tsn,433
ven,434
afr,435
eng,436
eng,437
ssw,438
eng,439
eng,440
sot,441
eng,442
sot,443
eng,444
eng,445
eng,446
tso,447
eng,448
ven,449
eng,450
eng,451
eng,452
tso,453
eng,454
sot,455
ven,456
tsn,457
eng,458
sot,459
ssw,460
eng,461
eng,462
eng,463
sot,464
ven,465
ven,466
eng,467
eng,468
eng,469
nbl,470
eng,471
eng,472
eng,473
afr,474
sot,475
eng,476
eng,477
ven,478
sot,479
ssw,480
eng,481
tso,482
afr,483
eng,484
ven,485
eng,486
eng,487
ven,488
sot,489
sot,490
sot,491
sot,492
eng,493
ven,494
sot,495
eng,496
ven,497
eng,498
eng,499
tso,500
eng,501
eng,502
eng,503
ven,504
sot,505
afr,506
eng,507
sot,508
afr,509
afr,510
afr,511
eng,512
eng,513
ven,514
eng,515
ssw,516
eng,517
tsn,518
tso,519
tso,520
eng,521
ven,522
tso,523
tsn,524
afr,525
eng,526
eng,527
eng,528
sot,529
nbl,530
tsn,531
eng,532
sot,533
ven,534
eng,535
tso,536
tsn,537
eng,538
tsn,539
eng,540
eng,541
eng,542
tso,543
eng,544
eng,545
tso,546
ven,547
eng,548
sot,549
ven,550
ven,551
eng,552
eng,553
eng,554
tso,555
eng,556
eng,557
eng,558
eng,559
eng,560
ven,561
ven,562
afr,563
eng,564
eng,565
ven,566
tsn,567
ven,568
eng,569
afr,570
eng,571
ven,572
sot,573
eng,574
tsn,575
eng,576
eng,577
eng,578
afr,579
eng,580
ven,581
sot,582
eng,583
ven,584
afr,585
tso,586
eng,587
eng,588
afr,589
eng,590
eng,591
sot,592
ven,593
afr,594
sot,595
ven,596
eng,597
ven,598
ven,599
afr,600
eng,601
afr,602
sot,603
sot,604
eng,605
ven,606
sot,607
afr,608
eng,609
eng,610
ven,611
sot,612
eng,613
eng,614
afr,615
tso,616
sot,617
eng,618
eng,619
sot,620
tso,621
eng,622
eng,623
eng,624
sot,625
eng,626
eng,627
eng,628
tso,629
eng,630
eng,631
eng,632
eng,633
sot,634
afr,635
eng,636
eng,637
eng,638
sot,639
eng,640
ven,641
sot,642
ven,643
sot,644
eng,645
eng,646
eng,647
afr,648
tso,649
sot,650
eng,651
eng,652
eng,653
sot,654
ven,655
afr,656
sot,657
sot,658
sot,659
eng,660
ven,661
afr,662
sot,663
tso,664
tso,665
eng,666
sot,667
eng,668
sot,669
eng,670
tsn,671
afr,672
ssw,673
tsn,674
eng,675
eng,676
eng,677
afr,678
eng,679
sot,680
eng,681
eng,682
eng,683
eng,684
sot,685
eng,686
eng,687
afr,688
eng,689
afr,690
eng,691
afr,692
nbl,693
afr,694
eng,695
eng,696
tso,697
sot,698
tsn,699
eng,700
sot,701
sot,702
eng,703
eng,704
sot,705
ven,706
eng,707
sot,708
eng,709
sot,710
sot,711
eng,712
eng,713
ven,714
eng,715
sot,716
ven,717
sot,718
afr,719
eng,720
eng,721
afr,722
eng,723
sot,724
eng,725
eng,726
tsn,727
eng,728
sot,729
eng,730
eng,731
sot,732
sot,733
eng,734
eng,735
afr,736
eng,737
eng,738
afr,739
ven,740
eng,741
sot,742
ven,743
tsn,744
eng,745
ven,746
eng,747
tso,748
eng,749
eng,750
eng,751
afr,752
eng,753
eng,754
eng,755
sot,756
eng,757
tso,758
tso,759
eng,760
afr,761
ven,762
sot,763
ven,764
eng,765
tsn,766
sot,767
sot,768
sot,769
eng,770
eng,771
tsn,772
ven,773
afr,774
eng,775
ven,776
sot,777
eng,778
afr,779
sot,780
eng,781
ssw,782
afr,783
sot,784
sot,785
afr,786
tsn,787
sot,788
sot,789
ven,790
eng,791
eng,792
eng,793
sot,794
eng,795
eng,796
tsn,797
tsn,798
eng,799
eng,800
eng,801
afr,802
sot,803
sot,804
eng,805
sot,806
ven,807
eng,808
eng,809
eng,810
eng,811
sot,812
eng,813
ven,814
eng,815
ven,816
eng,817
sot,818
afr,819
eng,820
afr,821
ven,822
sot,823
eng,824
sot,825
sot,826
ven,827
sot,828
ven,829
eng,830
eng,831
tsn,832
eng,833
eng,834
eng,835
tsn,836
afr,837
afr,838
sot,839
sot,840
eng,841
ven,842
eng,843
eng,844
tsn,845
eng,846
eng,847
eng,848
sot,849
ven,850
sot,851
eng,852
ven,853
eng,854
eng,855
sot,856
afr,857
eng,858
ven,859
afr,860
eng,861
sot,862
eng,863
ven,864
eng,865
tsn,866
eng,867
afr,868
sot,869
ven,870
ven,871
eng,872
eng,873
ven,874
sot,875
sot,876
eng,877
eng,878
eng,879
eng,880
eng,881
afr,882
ven,883
sot,884
eng,885
eng,886
eng,887
sot,888
afr,889
afr,890
sot,891
eng,892
tso,893
sot,894
eng,895
sot,896
ven,897
eng,898
eng,899
eng,900
eng,901
eng,902
eng,903
eng,904
sot,905
eng,906
eng,907
eng,908
eng,909
ven,910
eng,911
eng,912
afr,913
tsn,914
sot,915
sot,916
ven,917
eng,918
sot,919
ven,920
sot,921
eng,922
eng,923
afr,924
sot,925
eng,926
sot,927
eng,928
afr,929
eng,930
eng,931
tso,932
eng,933
tsn,934
ven,935
tsn,936
eng,937
sot,938
ven,939
tso,940
afr,941
tsn,942
tso,943
tsn,944
sot,945
afr,946
ven,947
sot,948
ven,949
ven,950
eng,951
eng,952
sot,953
eng,954
eng,955
sot,956
eng,957
eng,958
ven,959
eng,960
sot,961
tso,962
eng,963
sot,964
afr,965
sot,966
afr,967
tso,968
sot,969
eng,970
eng,971
ven,972
ven,973
eng,974
sot,975
sot,976
sot,977
ssw,978
tsn,979
eng,980
ven,981
eng,982
afr,983
eng,984
eng,985
eng,986
tso,987
eng,988
afr,989
eng,990
eng,991
eng,992
eng,993
ven,994
afr,995
eng,996
sot,997
afr,998
eng,999
afr,1000
eng,1001
ven,1002
ven,1003
sot,1004
afr,1005
eng,1006
sot,1007
eng,1008
eng,1009
eng,1010
ven,1011
eng,1012
tso,1013
eng,1014
eng,1015
ven,1016
sot,1017
afr,1018
ven,1019
tso,1020
ven,1021
sot,1022
afr,1023
sot,1024
eng,1025
afr,1026
sot,1027
eng,1028
eng,1029
eng,1030
eng,1031
sot,1032
eng,1033
ven,1034
tsn,1035
sot,1036
ssw,1037
sot,1038
sot,1039
afr,1040
tso,1041
eng,1042
eng,1043
sot,1044
tso,1045
afr,1046
eng,1047
eng,1048
sot,1049
eng,1050
eng,1051
ven,1052
sot,1053
eng,1054
sot,1055
eng,1056
sot,1057
sot,1058
eng,1059
eng,1060
eng,1061
eng,1062
ven,1063
sot,1064
eng,1065
eng,1066
tsn,1067
eng,1068
eng,1069
sot,1070
ven,1071
sot,1072
tso,1073
eng,1074
ven,1075
sot,1076
tsn,1077
ven,1078
eng,1079
sot,1080
ven,1081
ven,1082
tsn,1083
tsn,1084
eng,1085
sot,1086
eng,1087
eng,1088
sot,1089
eng,1090
tso,1091
eng,1092
sot,1093
tso,1094
eng,1095
eng,1096
tso,1097
ven,1098
eng,1099
ven,1100
eng,1101
eng,1102
eng,1103
sot,1104
sot,1105
ven,1106
sot,1107
sot,1108
ven,1109
ven,1110
eng,1111
eng,1112
tso,1113
tso,1114
afr,1115
afr,1116
eng,1117
sot,1118
tsn,1119
ven,1120
sot,1121
eng,1122
sot,1123
eng,1124
ven,1125
ssw,1126
eng,1127
tso,1128
afr,1129
sot,1130
sot,1131
afr,1132
afr,1133
eng,1134
ven,1135
eng,1136
ven,1137
eng,1138
tso,1139
eng,1140
tso,1141
afr,1142
eng,1143
tso,1144
tsn,1145
eng,1146
ven,1147
tsn,1148
sot,1149
tsn,1150
sot,1151
eng,1152
sot,1153
eng,1154
eng,1155
eng,1156
sot,1157
sot,1158
tso,1159
eng,1160
sot,1161
eng,1162
eng,1163
tso,1164
eng,1165
eng,1166
eng,1167
eng,1168
ven,1169
eng,1170
ven,1171
eng,1172
eng,1173
eng,1174
eng,1175
eng,1176
sot,1177
eng,1178
eng,1179
eng,1180
eng,1181
tsn,1182
sot,1183
sot,1184
eng,1185
eng,1186
ven,1187
sot,1188
sot,1189
sot,1190
sot,1191
tso,1192
eng,1193
eng,1194
sot,1195
afr,1196
eng,1197
sot,1198
eng,1199
eng,1200
tso,1201
tso,1202
sot,1203
eng,1204
tsn,1205
afr,1206
eng,1207
sot,1208
sot,1209
eng,1210
ven,1211
sot,1212
ven,1213
ven,1214
eng,1215
eng,1216
afr,1217
eng,1218
eng,1219
afr,1220
tso,1221
sot,1222
afr,1223
eng,1224
eng,1225
eng,1226
tso,1227
ssw,1228
eng,1229
tsn,1230
eng,1231
eng,1232
eng,1233
sot,1234
sot,1235
tsn,1236
afr,1237
afr,1238
eng,1239
sot,1240
afr,1241
eng,1242
afr,1243
eng,1244
eng,1245
sot,1246
eng,1247
sot,1248
eng,1249
sot,1250
eng,1251
eng,1252
sot,1253
tso,1254
sot,1255
eng,1256
sot,1257
sot,1258
eng,1259
eng,1260
afr,1261
sot,1262
eng,1263
tsn,1264
afr,1265
eng,1266
tso,1267
sot,1268
eng,1269
eng,1270
eng,1271
eng,1272
eng,1273
eng,1274
eng,1275
eng,1276
eng,1277
eng,1278
eng,1279
tso,1280
eng,1281
eng,1282
eng,1283
eng,1284
afr,1285
sot,1286
sot,1287
eng,1288
sot,1289
afr,1290
afr,1291
afr,1292
eng,1293
eng,1294
afr,1295
eng,1296
ven,1297
sot,1298
sot,1299
sot,1300
eng,1301
eng,1302
eng,1303
eng,1304
sot,1305
sot,1306
afr,1307
eng,1308
afr,1309
sot,1310
eng,1311
eng,1312
sot,1313
eng,1314
tso,1315
tsn,1316
ven,1317
tsn,1318
sot,1319
sot,1320
afr,1321
sot,1322
eng,1323
eng,1324
sot,1325
afr,1326
eng,1327
sot,1328
sot,1329
ven,1330
eng,1331
eng,1332
tso,1333
eng,1334
eng,1335
eng,1336
eng,1337
eng,1338
afr,1339
sot,1340
ven,1341
sot,1342
sot,1343
sot,1344
ven,1345
eng,1346
eng,1347
tsn,1348
sot,1349
ven,1350
tso,1351
eng,1352
sot,1353
eng,1354
eng,1355
eng,1356
eng,1357
ven,1358
eng,1359
eng,1360
eng,1361
eng,1362
ven,1363
afr,1364
sot,1365
tso,1366
sot,1367
ven,1368
eng,1369
ven,1370
eng,1371
tso,1372
eng,1373
eng,1374
eng,1375
eng,1376
eng,1377
nbl,1378
sot,1379
eng,1380
eng,1381
eng,1382
ven,1383
sot,1384
tsn,1385
eng,1386
tso,1387
ven,1388
ven,1389
afr,1390
eng,1391
afr,1392
ven,1393
tso,1394
tsn,1395
tsn,1396
eng,1397
ssw,1398
tsn,1399
eng,1400
eng,1401
tsn,1402
eng,1403
afr,1404
tsn,1405
sot,1406
sot,1407
eng,1408
tso,1409
afr,1410
ssw,1411
sot,1412
ssw,1413
sot,1414
afr,1415
tso,1416
sot,1417
sot,1418
eng,1419
tsn,1420
tsn,1421
tsn,1422
afr,1423
ven,1424
tso,1425
eng,1426
ven,1427
ven,1428
sot,1429
eng,1430
afr,1431
tso,1432
tso,1433
sot,1434
tso,1435
eng,1436
eng,1437
sot,1438
eng,1439
sot,1440
eng,1441
eng,1442
eng,1443
sot,1444
eng,1445
afr,1446
eng,1447
sot,1448
eng,1449
eng,1450
tso,1451
eng,1452
tsn,1453
tso,1454
sot,1455
eng,1456
eng,1457
tso,1458
afr,1459
eng,1460
tsn,1461
eng,1462
ssw,1463
eng,1464
eng,1465
eng,1466
afr,1467
eng,1468
ven,1469
ssw,1470
eng,1471
afr,1472
eng,1473
sot,1474
eng,1475
sot,1476
sot,1477
ven,1478
afr,1479
eng,1480
afr,1481
afr,1482
afr,1483
eng,1484
eng,1485
sot,1486
ven,1487
eng,1488
afr,1489
eng,1490
eng,1491
eng,1492
eng,1493
eng,1494
eng,1495
eng,1496
sot,1497
afr,1498
eng,1499
tsn,1500
eng,1501
eng,1502
eng,1503
eng,1504
ven,1505
ven,1506
eng,1507
tso,1508
tsn,1509
ven,1510
tso,1511
eng,1512
eng,1513
eng,1514
eng,1515
eng,1516
ven,1517
tsn,1518
eng,1519
sot,1520
eng,1521
sot,1522
afr,1523
eng,1524
tso,1525
sot,1526
eng,1527
tsn,1528
eng,1529
afr,1530
eng,1531
eng,1532
eng,1533
sot,1534
tso,1535
ven,1536
ven,1537
afr,1538
sot,1539
xho,1540
tso,1541
eng,1542
eng,1543
eng,1544
eng,1545
ven,1546
afr,1547
eng,1548
eng,1549
tso,1550
sot,1551
eng,1552
tso,1553
sot,1554
ven,1555
eng,1556
eng,1557
ssw,1558
ven,1559
eng,1560
eng,1561
eng,1562
tsn,1563
sot,1564
tso,1565
eng,1566
tso,1567
eng,1568
sot,1569
eng,1570
sot,1571
eng,1572
eng,1573
tsn,1574
ven,1575
eng,1576
eng,1577
afr,1578
eng,1579
eng,1580
eng,1581
sot,1582
eng,1583
eng,1584
eng,1585
eng,1586
eng,1587
ven,1588
eng,1589
sot,1590
eng,1591
sot,1592
sot,1593
eng,1594
eng,1595
eng,1596
eng,1597
eng,1598
ven,1599
eng,1600
eng,1601
eng,1602
eng,1603
eng,1604
ven,1605
eng,1606
tso,1607
eng,1608
ven,1609
eng,1610
eng,1611
tsn,1612
sot,1613
eng,1614
sot,1615
sot,1616
sot,1617
eng,1618
eng,1619
eng,1620
sot,1621
eng,1622
eng,1623
eng,1624
eng,1625
sot,1626
eng,1627
eng,1628
afr,1629
eng,1630
eng,1631
eng,1632
eng,1633
ven,1634
tsn,1635
eng,1636
ven,1637
eng,1638
sot,1639
afr,1640
eng,1641
sot,1642
eng,1643
afr,1644
ven,1645
tso,1646
sot,1647
eng,1648
eng,1649
eng,1650
sot,1651
sot,1652
eng,1653
sot,1654
eng,1655
eng,1656
sot,1657
afr,1658
afr,1659
eng,1660
sot,1661
afr,1662
eng,1663
sot,1664
eng,1665
eng,1666
afr,1667
ven,1668
ven,1669
sot,1670
afr,1671
eng,1672
tso,1673
ven,1674
afr,1675
eng,1676
afr,1677
sot,1678
eng,1679
eng,1680
tso,1681
sot,1682
afr,1683
eng,1684
tsn,1685
sot,1686
ven,1687
sot,1688
afr,1689
eng,1690
afr,1691
eng,1692
eng,1693
sot,1694
sot,1695
afr,1696
eng,1697
eng,1698
tso,1699
tsn,1700
eng,1701
ven,1702
eng,1703
eng,1704
sot,1705
eng,1706
sot,1707
eng,1708
eng,1709
afr,1710
eng,1711
afr,1712
tsn,1713
eng,1714
eng,1715
eng,1716
eng,1717
eng,1718
ssw,1719
eng,1720
ven,1721
tsn,1722
sot,1723
ven,1724
sot,1725
ven,1726
sot,1727
eng,1728
ven,1729
eng,1730
ven,1731
afr,1732
eng,1733
eng,1734
eng,1735
eng,1736
eng,1737
eng,1738
eng,1739
eng,1740
eng,1741
eng,1742
eng,1743
eng,1744
sot,1745
eng,1746
sot,1747
eng,1748
ven,1749
sot,1750
tsn,1751
eng,1752
tso,1753
afr,1754
ven,1755
ven,1756
ven,1757
tso,1758
afr,1759
sot,1760
eng,1761
eng,1762
eng,1763
sot,1764
eng,1765
eng,1766
afr,1767
eng,1768
eng,1769
eng,1770
tsn,1771
ven,1772
tso,1773
eng,1774
eng,1775
tso,1776
ven,1777
tso,1778
sot,1779
eng,1780
tso,1781
tso,1782
tsn,1783
sot,1784
sot,1785
eng,1786
eng,1787
eng,1788
eng,1789
eng,1790
afr,1791
eng,1792
sot,1793
tsn,1794
eng,1795
eng,1796
eng,1797
eng,1798
eng,1799
eng,1800
eng,1801
tso,1802
sot,1803
sot,1804
sot,1805
eng,1806
tso,1807
ven,1808
eng,1809
ven,1810
ven,1811
eng,1812
eng,1813
ven,1814
sot,1815
tso,1816
eng,1817
sot,1818
eng,1819
tsn,1820
afr,1821
eng,1822
afr,1823
sot,1824
eng,1825
eng,1826
eng,1827
eng,1828
eng,1829
eng,1830
tso,1831
tso,1832
sot,1833
sot,1834
eng,1835
eng,1836
eng,1837
eng,1838
afr,1839
sot,1840
eng,1841
sot,1842
eng,1843
afr,1844
eng,1845
eng,1846
eng,1847
sot,1848
ven,1849
eng,1850
sot,1851
sot,1852
afr,1853
sot,1854
tsn,1855
afr,1856
eng,1857
eng,1858
sot,1859
eng,1860
eng,1861
eng,1862
ven,1863
eng,1864
eng,1865
tsn,1866
eng,1867
eng,1868
eng,1869
eng,1870
eng,1871
sot,1872
eng,1873
eng,1874
tso,1875
ven,1876
ven,1877
eng,1878
eng,1879
eng,1880
sot,1881
eng,1882
sot,1883
ven,1884
ven,1885
eng,1886
sot,1887
sot,1888
sot,1889
ven,1890
ven,1891
eng,1892
eng,1893
eng,1894
afr,1895
eng,1896
sot,1897
eng,1898
sot,1899
sot,1900
tsn,1901
ven,1902
sot,1903
tsn,1904
ven,1905
eng,1906
ven,1907
eng,1908
eng,1909
tsn,1910
sot,1911
eng,1912
afr,1913
afr,1914
eng,1915
eng,1916
eng,1917
eng,1918
tso,1919
ven,1920
eng,1921
sot,1922
sot,1923
eng,1924
tsn,1925
sot,1926
ven,1927
afr,1928
tso,1929
sot,1930
ven,1931
sot,1932
tso,1933
eng,1934
eng,1935
eng,1936
eng,1937
ven,1938
afr,1939
eng,1940
tsn,1941
ssw,1942
eng,1943
eng,1944
eng,1945
ven,1946
sot,1947
eng,1948
eng,1949
tsn,1950
afr,1951
sot,1952
sot,1953
eng,1954
eng,1955
eng,1956
eng,1957
ven,1958
ven,1959
afr,1960
ven,1961
afr,1962
tso,1963
eng,1964
eng,1965
eng,1966
eng,1967
ven,1968
ven,1969
afr,1970
tso,1971
sot,1972
eng,1973
eng,1974
eng,1975
sot,1976
ven,1977
afr,1978
sot,1979
sot,1980
sot,1981
tsn,1982
sot,1983
eng,1984
eng,1985
tso,1986
tsn,1987
eng,1988
sot,1989
eng,1990
eng,1991
tso,1992
tso,1993
sot,1994
tsn,1995
ven,1996
eng,1997
eng,1998
eng,1999
eng,2000
tso,2001
ven,2002
sot,2003
eng,2004
eng,2005
eng,2006
ven,2007
eng,2008
sot,2009
sot,2010
eng,2011
eng,2012
ven,2013
afr,2014
eng,2015
sot,2016
eng,2017
afr,2018
eng,2019
tsn,2020
sot,2021
ven,2022
tso,2023
eng,2024
eng,2025
tsn,2026
sot,2027
sot,2028
eng,2029
tso,2030
eng,2031
eng,2032
ven,2033
ven,2034
eng,2035
sot,2036
sot,2037
tso,2038
eng,2039
sot,2040
afr,2041
sot,2042
sot,2043
eng,2044
sot,2045
sot,2046
sot,2047
sot,2048
afr,2049
afr,2050
eng,2051
eng,2052
sot,2053
ven,2054
sot,2055
afr,2056
eng,2057
sot,2058
ssw,2059
afr,2060
sot,2061
eng,2062
tso,2063
eng,2064
eng,2065
eng,2066
eng,2067
ven,2068
eng,2069
ven,2070
sot,2071
ven,2072
sot,2073
tsn,2074
ven,2075
eng,2076
afr,2077
eng,2078
tsn,2079
eng,2080
afr,2081
sot,2082
afr,2083
eng,2084
eng,2085
eng,2086
sot,2087
tsn,2088
sot,2089
eng,2090
eng,2091
sot,2092
tso,2093
eng,2094
eng,2095
tsn,2096
ven,2097
ven,2098
ven,2099
sot,2100
sot,2101
eng,2102
eng,2103
tso,2104
afr,2105
eng,2106
eng,2107
ven,2108
sot,2109
eng,2110
eng,2111
afr,2112
afr,2113
eng,2114
sot,2115
eng,2116
sot,2117
ven,2118
ven,2119
xho,2120
sot,2121
sot,2122
tsn,2123
eng,2124
sot,2125
afr,2126
tso,2127
sot,2128
ssw,2129
tso,2130
ven,2131
sot,2132
sot,2133
ven,2134
sot,2135
eng,2136
afr,2137
eng,2138
sot,2139
afr,2140
sot,2141
sot,2142
eng,2143
tso,2144
ven,2145
eng,2146
sot,2147
tso,2148
eng,2149
eng,2150
eng,2151
ven,2152
ven,2153
sot,2154
eng,2155
eng,2156
eng,2157
tsn,2158
sot,2159
eng,2160
afr,2161
ven,2162
eng,2163
eng,2164
eng,2165
eng,2166
ven,2167
tso,2168
eng,2169
sot,2170
eng,2171
ven,2172
ven,2173
sot,2174
ven,2175
afr,2176
ven,2177
ven,2178
tsn,2179
eng,2180
eng,2181
ven,2182
ven,2183
eng,2184
sot,2185
sot,2186
ven,2187
eng,2188
eng,2189
eng,2190
eng,2191
afr,2192
ven,2193
tso,2194
eng,2195
sot,2196
tso,2197
tso,2198
afr,2199
eng,2200
eng,2201
afr,2202
ven,2203
sot,2204
tsn,2205
sot,2206
eng,2207
eng,2208
sot,2209
eng,2210
afr,2211
eng,2212
tso,2213
sot,2214
sot,2215
eng,2216
tso,2217
afr,2218
eng,2219
eng,2220
sot,2221
eng,2222
sot,2223
eng,2224
eng,2225
sot,2226
eng,2227
ven,2228
eng,2229
afr,2230
sot,2231
eng,2232
eng,2233
eng,2234
eng,2235
afr,2236
eng,2237
eng,2238
eng,2239
eng,2240
eng,2241
ven,2242
afr,2243
eng,2244
eng,2245
eng,2246
eng,2247
eng,2248
eng,2249
ven,2250
ven,2251
eng,2252
sot,2253
eng,2254
sot,2255
eng,2256
sot,2257
sot,2258
tsn,2259
eng,2260
tso,2261
tso,2262
sot,2263
sot,2264
afr,2265
sot,2266
sot,2267
afr,2268
ven,2269
sot,2270
sot,2271
sot,2272
tsn,2273
eng,2274
sot,2275
eng,2276
sot,2277
afr,2278
eng,2279
eng,2280
eng,2281
ven,2282
eng,2283
eng,2284
eng,2285
eng,2286
ven,2287
eng,2288
sot,2289
ssw,2290
sot,2291
afr,2292
tsn,2293
eng,2294
eng,2295
eng,2296
afr,2297
sot,2298
sot,2299
ven,2300
sot,2301
afr,2302
eng,2303
ven,2304
afr,2305
eng,2306
ven,2307
afr,2308
sot,2309
eng,2310
eng,2311
sot,2312
ven,2313
tsn,2314
sot,2315
afr,2316
eng,2317
eng,2318
sot,2319
eng,2320
sot,2321
sot,2322
eng,2323
tso,2324
sot,2325
eng,2326
sot,2327
eng,2328
eng,2329
eng,2330
sot,2331
ven,2332
tsn,2333
ven,2334
eng,2335
eng,2336
eng,2337
xho,2338
sot,2339
ven,2340
eng,2341
ven,2342
eng,2343
eng,2344
sot,2345
sot,2346
tsn,2347
eng,2348
eng,2349
eng,2350
eng,2351
sot,2352
afr,2353
eng,2354
eng,2355
sot,2356
eng,2357
tso,2358
tsn,2359
tsn,2360
ven,2361
eng,2362
tsn,2363
ven,2364
eng,2365
eng,2366
sot,2367
eng,2368
afr,2369
eng,2370
tso,2371
afr,2372
eng,2373
eng,2374
eng,2375
eng,2376
afr,2377
tso,2378
afr,2379
ssw,2380
tso,2381
eng,2382
eng,2383
eng,2384
sot,2385
sot,2386
ven,2387
eng,2388
eng,2389
eng,2390
eng,2391
eng,2392
eng,2393
eng,2394
eng,2395
sot,2396
ven,2397
afr,2398
ven,2399
sot,2400
eng,2401
ven,2402
ven,2403
afr,2404
afr,2405
eng,2406
afr,2407
afr,2408
ven,2409
eng,2410
afr,2411
afr,2412
sot,2413
ven,2414
sot,2415
ven,2416
tso,2417
eng,2418
eng,2419
sot,2420
tsn,2421
tsn,2422
tso,2423
tsn,2424
afr,2425
ven,2426
afr,2427
sot,2428
ven,2429
sot,2430
eng,2431
eng,2432
eng,2433
eng,2434
sot,2435
eng,2436
eng,2437
eng,2438
eng,2439
eng,2440
eng,2441
eng,2442
eng,2443
sot,2444
ssw,2445
afr,2446
eng,2447
ven,2448
eng,2449
eng,2450
eng,2451
afr,2452
eng,2453
eng,2454
eng,2455
sot,2456
eng,2457
eng,2458
sot,2459
eng,2460
tso,2461
sot,2462
sot,2463
ven,2464
eng,2465
tsn,2466
ven,2467
afr,2468
ven,2469
eng,2470
afr,2471
eng,2472
ven,2473
eng,2474
eng,2475
xho,2476
eng,2477
eng,2478
ven,2479
eng,2480
eng,2481
eng,2482
nbl,2483
tso,2484
eng,2485
ven,2486
ven,2487
eng,2488
eng,2489
ven,2490
eng,2491
afr,2492
sot,2493
eng,2494
sot,2495
eng,2496
eng,2497
eng,2498
tso,2499
eng,2500
eng,2501
eng,2502
afr,2503
ven,2504
eng,2505
sot,2506
eng,2507
afr,2508
eng,2509
afr,2510
eng,2511
tso,2512
sot,2513
eng,2514
eng,2515
sot,2516
ven,2517
tsn,2518
eng,2519
tsn,2520
sot,2521
afr,2522
eng,2523
sot,2524
ven,2525
sot,2526
ven,2527
tso,2528
eng,2529
eng,2530
eng,2531
eng,2532
sot,2533
eng,2534
eng,2535
tso,2536
sot,2537
afr,2538
tso,2539
eng,2540
afr,2541
eng,2542
eng,2543
eng,2544
eng,2545
sot,2546
tso,2547
ven,2548
afr,2549
ven,2550
sot,2551
ven,2552
sot,2553
tso,2554
eng,2555
sot,2556
tsn,2557
eng,2558
ven,2559
tsn,2560
tso,2561
afr,2562
sot,2563
afr,2564
eng,2565
sot,2566
afr,2567
tsn,2568
sot,2569
ven,2570
eng,2571
ven,2572
ven,2573
eng,2574
eng,2575
eng,2576
eng,2577
eng,2578
sot,2579
tsn,2580
tsn,2581
sot,2582
eng,2583
eng,2584
tso,2585
sot,2586
sot,2587
eng,2588
tso,2589
eng,2590
ven,2591
tsn,2592
eng,2593
eng,2594
ssw,2595
eng,2596
afr,2597
eng,2598
eng,2599
ven,2600
sot,2601
eng,2602
ven,2603
afr,2604
afr,2605
eng,2606
tsn,2607
eng,2608
tso,2609
eng,2610
tsn,2611
eng,2612
afr,2613
sot,2614
ven,2615
eng,2616
eng,2617
afr,2618
eng,2619
eng,2620
tsn,2621
eng,2622
ssw,2623
tso,2624
sot,2625
ven,2626
eng,2627
eng,2628
afr,2629
ven,2630
eng,2631
eng,2632
eng,2633
sot,2634
eng,2635
eng,2636
eng,2637
eng,2638
sot,2639
eng,2640
afr,2641
afr,2642
tsn,2643
tsn,2644
sot,2645
sot,2646
sot,2647
sot,2648
tsn,2649
ven,2650
eng,2651
eng,2652
eng,2653
eng,2654
eng,2655
ven,2656
eng,2657
eng,2658
eng,2659
eng,2660
eng,2661
tso,2662
eng,2663
eng,2664
eng,2665
sot,2666
sot,2667
eng,2668
eng,2669
tso,2670
ven,2671
ven,2672
eng,2673
sot,2674
tso,2675
eng,2676
tso,2677
eng,2678
eng,2679
eng,2680
afr,2681
eng,2682
sot,2683
eng,2684
tso,2685
eng,2686
eng,2687
sot,2688
eng,2689
sot,2690
tso,2691
eng,2692
eng,2693
eng,2694
ven,2695
afr,2696
eng,2697
eng,2698
sot,2699
eng,2700
eng,2701
afr,2702
eng,2703
eng,2704
tso,2705
sot,2706
sot,2707
sot,2708
eng,2709
eng,2710
eng,2711
eng,2712
tso,2713
sot,2714
ssw,2715
eng,2716
sot,2717
sot,2718
ven,2719
afr,2720
sot,2721
ven,2722
ven,2723
eng,2724
eng,2725
afr,2726
afr,2727
eng,2728
eng,2729
eng,2730
sot,2731
sot,2732
eng,2733
tso,2734
eng,2735
ven,2736
sot,2737
ssw,2738
ven,2739
eng,2740
eng,2741
afr,2742
sot,2743
eng,2744
ven,2745
eng,2746
afr,2747
eng,2748
ven,2749
sot,2750
eng,2751
sot,2752
eng,2753
ven,2754
tso,2755
tsn,2756
eng,2757
sot,2758
eng,2759
ven,2760
eng,2761
sot,2762
eng,2763
afr,2764
eng,2765
sot,2766
sot,2767
sot,2768
sot,2769
tso,2770
eng,2771
eng,2772
eng,2773
sot,2774
eng,2775
tso,2776
eng,2777
afr,2778
afr,2779
sot,2780
eng,2781
afr,2782
tsn,2783
ven,2784
eng,2785
ven,2786
eng,2787
eng,2788
eng,2789
eng,2790
sot,2791
afr,2792
eng,2793
ven,2794
ven,2795
sot,2796
sot,2797
sot,2798
tso,2799
sot,2800
ven,2801
ssw,2802
afr,2803
eng,2804
tsn,2805
sot,2806
eng,2807
eng,2808
afr,2809
sot,2810
sot,2811
eng,2812
tsn,2813
afr,2814
eng,2815
eng,2816
eng,2817
eng,2818
eng,2819
afr,2820
eng,2821
tsn,2822
eng,2823
ven,2824
sot,2825
tsn,2826
sot,2827
eng,2828
ven,2829
sot,2830
eng,2831
ven,2832
ven,2833
sot,2834
eng,2835
afr,2836
eng,2837
sot,2838
sot,2839
eng,2840
eng,2841
eng,2842
ven,2843
eng,2844
ven,2845
afr,2846
eng,2847
eng,2848
ven,2849
eng,2850
eng,2851
ven,2852
eng,2853
ven,2854
eng,2855
tsn,2856
ven,2857
eng,2858
tsn,2859
eng,2860
ven,2861
sot,2862
tsn,2863
eng,2864
eng,2865
afr,2866
eng,2867
eng,2868
eng,2869
eng,2870
afr,2871
ven,2872
ven,2873
tso,2874
eng,2875
tso,2876
eng,2877
sot,2878
eng,2879
sot,2880
eng,2881
eng,2882
tso,2883
eng,2884
sot,2885
ven,2886
tsn,2887
eng,2888
eng,2889
tso,2890
sot,2891
sot,2892
eng,2893
eng,2894
ven,2895
eng,2896
eng,2897
eng,2898
eng,2899
ven,2900
ven,2901
sot,2902
tso,2903
eng,2904
sot,2905
sot,2906
eng,2907
eng,2908
afr,2909
ven,2910
sot,2911
sot,2912
afr,2913
eng,2914
ven,2915
ven,2916
eng,2917
eng,2918
afr,2919
ven,2920
sot,2921
sot,2922
tsn,2923
sot,2924
eng,2925
afr,2926
eng,2927
eng,2928
tso,2929
tsn,2930
eng,2931
afr,2932
eng,2933
eng,2934
sot,2935
sot,2936
sot,2937
tso,2938
sot,2939
afr,2940
sot,2941
eng,2942
afr,2943
ven,2944
sot,2945
sot,2946
afr,2947
eng,2948
tso,2949
tso,2950
afr,2951
sot,2952
afr,2953
eng,2954
eng,2955
sot,2956
eng,2957
tsn,2958
eng,2959
eng,2960
eng,2961
afr,2962
eng,2963
eng,2964
eng,2965
eng,2966
sot,2967
ven,2968
afr,2969
ven,2970
afr,2971
afr,2972
tsn,2973
ven,2974
sot,2975
eng,2976
eng,2977
eng,2978
eng,2979
sot,2980
sot,2981
tso,2982
eng,2983
tso,2984
eng,2985
eng,2986
afr,2987
sot,2988
eng,2989
tso,2990
tso,2991
eng,2992
eng,2993
ven,2994
eng,2995
sot,2996
eng,2997
eng,2998
eng,2999
eng,3000
tso,3001
tsn,3002
eng,3003
afr,3004
afr,3005
afr,3006
eng,3007
eng,3008
sot,3009
sot,3010
sot,3011
eng,3012
sot,3013
afr,3014
afr,3015
ven,3016
eng,3017
eng,3018
eng,3019
sot,3020
eng,3021
sot,3022
eng,3023
sot,3024
eng,3025
afr,3026
ven,3027
eng,3028
tso,3029
tso,3030
tsn,3031
eng,3032
ven,3033
afr,3034
ven,3035
sot,3036
eng,3037
eng,3038
eng,3039
eng,3040
eng,3041
sot,3042
eng,3043
ven,3044
eng,3045
eng,3046
eng,3047
afr,3048
eng,3049
sot,3050
tsn,3051
eng,3052
eng,3053
tso,3054
eng,3055
eng,3056
tsn,3057
eng,3058
afr,3059
afr,3060
eng,3061
ssw,3062
ven,3063
eng,3064
eng,3065
sot,3066
eng,3067
sot,3068
sot,3069
sot,3070
eng,3071
eng,3072
afr,3073
eng,3074
afr,3075
ven,3076
ven,3077
eng,3078
ven,3079
eng,3080
ven,3081
afr,3082
eng,3083
tso,3084
sot,3085
tso,3086
eng,3087
tso,3088
eng,3089
eng,3090
eng,3091
sot,3092
sot,3093
eng,3094
ven,3095
sot,3096
afr,3097
eng,3098
ven,3099
eng,3100
sot,3101
eng,3102
eng,3103
sot,3104
sot,3105
tso,3106
sot,3107
tsn,3108
eng,3109
sot,3110
eng,3111
eng,3112
eng,3113
eng,3114
sot,3115
tsn,3116
afr,3117
tso,3118
tsn,3119
eng,3120
eng,3121
sot,3122
ven,3123
sot,3124
eng,3125
tsn,3126
sot,3127
eng,3128
tsn,3129
eng,3130
afr,3131
ven,3132
eng,3133
eng,3134
eng,3135
sot,3136
eng,3137
eng,3138
eng,3139
afr,3140
tsn,3141
eng,3142
eng,3143
eng,3144
eng,3145
eng,3146
tso,3147
afr,3148
ven,3149
eng,3150
sot,3151
sot,3152
tsn,3153
eng,3154
ven,3155
eng,3156
afr,3157
ven,3158
eng,3159
tso,3160
eng,3161
ven,3162
tso,3163
eng,3164
tsn,3165
eng,3166
eng,3167
afr,3168
ven,3169
sot,3170
eng,3171
afr,3172
sot,3173
sot,3174
tsn,3175
afr,3176
ven,3177
tso,3178
eng,3179
eng,3180
eng,3181
eng,3182
eng,3183
eng,3184
eng,3185
eng,3186
eng,3187
afr,3188
afr,3189
eng,3190
ven,3191
tso,3192
eng,3193
sot,3194
eng,3195
eng,3196
eng,3197
sot,3198
ven,3199
ven,3200
eng,3201
sot,3202
eng,3203
afr,3204
sot,3205
afr,3206
afr,3207
ven,3208
eng,3209
sot,3210
eng,3211
eng,3212
eng,3213
eng,3214
eng,3215
eng,3216
sot,3217
eng,3218
eng,3219
ven,3220
eng,3221
ven,3222
tsn,3223
eng,3224
tso,3225
ven,3226
eng,3227
sot,3228
ven,3229
sot,3230
afr,3231
afr,3232
eng,3233
eng,3234
ven,3235
sot,3236
eng,3237
ven,3238
eng,3239
eng,3240
ven,3241
ven,3242
ssw,3243
ven,3244
eng,3245
sot,3246
eng,3247
tso,3248
ven,3249
eng,3250
tsn,3251
tsn,3252
tsn,3253
sot,3254
eng,3255
tso,3256
eng,3257
ven,3258
ven,3259
sot,3260
ven,3261
tsn,3262
ssw,3263
tso,3264
eng,3265
eng,3266
eng,3267
ven,3268
eng,3269
tso,3270
tsn,3271
sot,3272
eng,3273
afr,3274
eng,3275
sot,3276
eng,3277
eng,3278
eng,3279
tsn,3280
eng,3281
eng,3282
eng,3283
eng,3284
eng,3285
sot,3286
eng,3287
eng,3288
eng,3289
ven,3290
eng,3291
eng,3292
sot,3293
eng,3294
afr,3295
eng,3296
eng,3297
eng,3298
eng,3299
sot,3300
afr,3301
sot,3302
eng,3303
afr,3304
ven,3305
eng,3306
ven,3307
ven,3308
ven,3309
eng,3310
xho,3311
sot,3312
sot,3313
sot,3314
eng,3315
sot,3316
tsn,3317
eng,3318
afr,3319
sot,3320
eng,3321
eng,3322
sot,3323
tso,3324
tso,3325
sot,3326
sot,3327
sot,3328
eng,3329
afr,3330
eng,3331
xho,3332
eng,3333
eng,3334
eng,3335
eng,3336
sot,3337
ven,3338
ven,3339
sot,3340
eng,3341
tso,3342
ven,3343
tso,3344
eng,3345
tso,3346
sot,3347
ssw,3348
sot,3349
tso,3350
sot,3351
eng,3352
eng,3353
ven,3354
eng,3355
sot,3356
afr,3357
tso,3358
sot,3359
xho,3360
eng,3361
eng,3362
ven,3363
eng,3364
ven,3365
eng,3366
eng,3367
eng,3368
eng,3369
eng,3370
ven,3371
eng,3372
ven,3373
eng,3374
sot,3375
sot,3376
eng,3377
eng,3378
afr,3379
sot,3380
eng,3381
eng,3382
sot,3383
ven,3384
sot,3385
eng,3386
eng,3387
afr,3388
sot,3389
sot,3390
eng,3391
eng,3392
sot,3393
tsn,3394
ven,3395
ven,3396
sot,3397
eng,3398
eng,3399
tsn,3400
eng,3401
tsn,3402
eng,3403
eng,3404
eng,3405
eng,3406
ven,3407
eng,3408
sot,3409
tsn,3410
eng,3411
eng,3412
eng,3413
eng,3414
eng,3415
eng,3416
tsn,3417
eng,3418
sot,3419
ven,3420
tsn,3421
eng,3422
eng,3423
eng,3424
eng,3425
sot,3426
ven,3427
sot,3428
eng,3429
afr,3430
eng,3431
eng,3432
eng,3433
eng,3434
sot,3435
eng,3436
eng,3437
afr,3438
ven,3439
sot,3440
ven,3441
eng,3442
tso,3443
ven,3444
tso,3445
eng,3446
eng,3447
eng,3448
sot,3449
eng,3450
eng,3451
eng,3452
afr,3453
eng,3454
sot,3455
eng,3456
eng,3457
ven,3458
eng,3459
eng,3460
eng,3461
eng,3462
eng,3463
sot,3464
eng,3465
tso,3466
afr,3467
tso,3468
eng,3469
sot,3470
eng,3471
eng,3472
afr,3473
tso,3474
eng,3475
afr,3476
afr,3477
ven,3478
afr,3479
sot,3480
sot,3481
eng,3482
sot,3483
eng,3484
sot,3485
tsn,3486
sot,3487
eng,3488
eng,3489
tsn,3490
ven,3491
tsn,3492
eng,3493
eng,3494
eng,3495
eng,3496
sot,3497
ven,3498
eng,3499
afr,3500
eng,3501
eng,3502
ven,3503
eng,3504
eng,3505
ven,3506
tso,3507
eng,3508
sot,3509
tso,3510
ven,3511
tsn,3512
eng,3513
eng,3514
sot,3515
eng,3516
ven,3517
eng,3518
eng,3519
tso,3520
afr,3521
tso,3522
sot,3523
eng,3524
ssw,3525
sot,3526
eng,3527
tsn,3528
eng,3529
afr,3530
ven,3531
tsn,3532
sot,3533
eng,3534
ven,3535
ven,3536
ven,3537
sot,3538
eng,3539
sot,3540
eng,3541
ven,3542
eng,3543
ven,3544
tso,3545
eng,3546
ven,3547
sot,3548
nbl,3549
eng,3550
eng,3551
eng,3552
tso,3553
eng,3554
eng,3555
eng,3556
eng,3557
eng,3558
afr,3559
ven,3560
sot,3561
afr,3562
afr,3563
sot,3564
sot,3565
sot,3566
afr,3567
tso,3568
sot,3569
eng,3570
eng,3571
sot,3572
afr,3573
tsn,3574
sot,3575
eng,3576
tso,3577
afr,3578
ven,3579
xho,3580
eng,3581
sot,3582
afr,3583
tso,3584
eng,3585
eng,3586
ven,3587
ven,3588
afr,3589
sot,3590
eng,3591
ven,3592
eng,3593
ven,3594
tso,3595
eng,3596
tso,3597
sot,3598
afr,3599
eng,3600
tsn,3601
ven,3602
eng,3603
tso,3604
tso,3605
afr,3606
ven,3607
eng,3608
sot,3609
sot,3610
sot,3611
eng,3612
sot,3613
afr,3614
eng,3615
eng,3616
eng,3617
eng,3618
eng,3619
eng,3620
eng,3621
ven,3622
sot,3623
eng,3624
eng,3625
sot,3626
sot,3627
afr,3628
sot,3629
tsn,3630
afr,3631
sot,3632
afr,3633
eng,3634
tso,3635
eng,3636
eng,3637
eng,3638
sot,3639
eng,3640
sot,3641
tso,3642
eng,3643
afr,3644
tso,3645
sot,3646
sot,3647
eng,3648
eng,3649
eng,3650
tso,3651
sot,3652
eng,3653
eng,3654
eng,3655
sot,3656
sot,3657
sot,3658
eng,3659
eng,3660
tsn,3661
sot,3662
eng,3663
sot,3664
sot,3665
sot,3666
eng,3667
eng,3668
eng,3669
tso,3670
eng,3671
tso,3672
tsn,3673
ssw,3674
tsn,3675
ven,3676
eng,3677
eng,3678
eng,3679
eng,3680
eng,3681
eng,3682
sot,3683
ven,3684
eng,3685
sot,3686
ven,3687
ven,3688
sot,3689
sot,3690
eng,3691
eng,3692
sot,3693
ven,3694
sot,3695
sot,3696
eng,3697
ven,3698
eng,3699
eng,3700
tso,3701
eng,3702
sot,3703
sot,3704
ven,3705
tsn,3706
eng,3707
tso,3708
afr,3709
sot,3710
eng,3711
tso,3712
eng,3713
eng,3714
eng,3715
eng,3716
afr,3717
ven,3718
ven,3719
eng,3720
ven,3721
ven,3722
eng,3723
eng,3724
eng,3725
afr,3726
sot,3727
afr,3728
eng,3729
sot,3730
eng,3731
eng,3732
eng,3733
eng,3734
eng,3735
sot,3736
eng,3737
eng,3738
ven,3739
ssw,3740
sot,3741
sot,3742
eng,3743
eng,3744
sot,3745
eng,3746
eng,3747
sot,3748
ven,3749
ssw,3750
ven,3751
afr,3752
sot,3753
tsn,3754
eng,3755
ven,3756
sot,3757
sot,3758
eng,3759
sot,3760
eng,3761
sot,3762
sot,3763
sot,3764
sot,3765
eng,3766
eng,3767
eng,3768
eng,3769
sot,3770
eng,3771
eng,3772
eng,3773
sot,3774
eng,3775
eng,3776
eng,3777
eng,3778
eng,3779
tsn,3780
eng,3781
sot,3782
sot,3783
sot,3784
eng,3785
afr,3786
eng,3787
xho,3788
eng,3789
eng,3790
eng,3791
eng,3792
eng,3793
eng,3794
afr,3795
sot,3796
sot,3797
eng,3798
eng,3799
ven,3800
eng,3801
eng,3802
ven,3803
eng,3804
tso,3805
eng,3806
ven,3807
eng,3808
eng,3809
eng,3810
sot,3811
sot,3812
eng,3813
eng,3814
eng,3815
sot,3816
eng,3817
tsn,3818
eng,3819
sot,3820
ven,3821
ven,3822
eng,3823
sot,3824
eng,3825
ven,3826
sot,3827
afr,3828
ven,3829
sot,3830
eng,3831
eng,3832
eng,3833
eng,3834
sot,3835
ven,3836
eng,3837
tsn,3838
eng,3839
eng,3840
sot,3841
eng,3842
ven,3843
tso,3844
eng,3845
tso,3846
ven,3847
sot,3848
ven,3849
eng,3850
ven,3851
sot,3852
eng,3853
eng,3854
sot,3855
ven,3856
ven,3857
afr,3858
sot,3859
sot,3860
eng,3861
afr,3862
eng,3863
eng,3864
eng,3865
afr,3866
afr,3867
sot,3868
tso,3869
eng,3870
tsn,3871
eng,3872
eng,3873
eng,3874
eng,3875
eng,3876
eng,3877
eng,3878
ven,3879
eng,3880
sot,3881
eng,3882
sot,3883
tsn,3884
sot,3885
ven,3886
tsn,3887
eng,3888
sot,3889
afr,3890
eng,3891
sot,3892
tsn,3893
sot,3894
sot,3895
eng,3896
eng,3897
ven,3898
eng,3899
ven,3900
afr,3901
sot,3902
eng,3903
tsn,3904
sot,3905
sot,3906
tsn,3907
ven,3908
eng,3909
eng,3910
eng,3911
eng,3912
ven,3913
eng,3914
afr,3915
sot,3916
eng,3917
sot,3918
sot,3919
ven,3920
eng,3921
ven,3922
tsn,3923
tso,3924
eng,3925
eng,3926
eng,3927
sot,3928
eng,3929
eng,3930
eng,3931
eng,3932
sot,3933
sot,3934
sot,3935
eng,3936
eng,3937
tso,3938
eng,3939
ven,3940
eng,3941
ven,3942
eng,3943
tso,3944
eng,3945
sot,3946
sot,3947
eng,3948
eng,3949
sot,3950
sot,3951
ssw,3952
sot,3953
afr,3954
eng,3955
afr,3956
eng,3957
afr,3958
eng,3959
eng,3960
tso,3961
ven,3962
eng,3963
sot,3964
tsn,3965
eng,3966
sot,3967
ven,3968
eng,3969
sot,3970
eng,3971
eng,3972
sot,3973
sot,3974
eng,3975
ven,3976
sot,3977
sot,3978
sot,3979
sot,3980
ven,3981
eng,3982
afr,3983
sot,3984
sot,3985
tso,3986
eng,3987
eng,3988
eng,3989
eng,3990
ven,3991
ven,3992
afr,3993
eng,3994
ven,3995
eng,3996
tsn,3997
eng,3998
sot,3999
ven,4000
tso,4001
ssw,4002
eng,4003
ssw,4004
eng,4005
sot,4006
eng,4007
eng,4008
ven,4009
sot,4010
eng,4011
tso,4012
eng,4013
sot,4014
sot,4015
eng,4016
eng,4017
eng,4018
eng,4019
ven,4020
eng,4021
afr,4022
sot,4023
tso,4024
eng,4025
eng,4026
eng,4027
eng,4028
eng,4029
eng,4030
ven,4031
eng,4032
afr,4033
afr,4034
sot,4035
eng,4036
afr,4037
sot,4038
eng,4039
sot,4040
eng,4041
eng,4042
eng,4043
eng,4044
tsn,4045
tso,4046
ven,4047
sot,4048
eng,4049
eng,4050
eng,4051
afr,4052
eng,4053
tso,4054
sot,4055
afr,4056
eng,4057
tso,4058
eng,4059
afr,4060
ven,4061
eng,4062
eng,4063
eng,4064
sot,4065
eng,4066
eng,4067
afr,4068
tso,4069
sot,4070
eng,4071
eng,4072
sot,4073
eng,4074
sot,4075
tsn,4076
ven,4077
eng,4078
tso,4079
sot,4080
eng,4081
afr,4082
sot,4083
sot,4084
ssw,4085
afr,4086
tso,4087
sot,4088
ven,4089
tso,4090
eng,4091
eng,4092
ven,4093
eng,4094
eng,4095
afr,4096
eng,4097
eng,4098
afr,4099
sot,4100
ven,4101
eng,4102
eng,4103
sot,4104
sot,4105
eng,4106
eng,4107
afr,4108
eng,4109
eng,4110
eng,4111
afr,4112
sot,4113
ven,4114
eng,4115
eng,4116
sot,4117
eng,4118
tso,4119
eng,4120
tso,4121
sot,4122
eng,4123
eng,4124
ven,4125
eng,4126
sot,4127
sot,4128
tsn,4129
tsn,4130
eng,4131
afr,4132
ven,4133
sot,4134
tso,4135
afr,4136
tsn,4137
eng,4138
eng,4139
eng,4140
eng,4141
eng,4142
eng,4143
sot,4144
tsn,4145
ven,4146
tsn,4147
ven,4148
sot,4149
afr,4150
sot,4151
eng,4152
sot,4153
sot,4154
afr,4155
afr,4156
afr,4157
eng,4158
xho,4159
afr,4160
eng,4161
sot,4162
eng,4163
tso,4164
tso,4165
tso,4166
ven,4167
eng,4168
sot,4169
ven,4170
sot,4171
eng,4172
eng,4173
tsn,4174
eng,4175
tso,4176
sot,4177
tso,4178
sot,4179
sot,4180
tso,4181
eng,4182
tso,4183
eng,4184
ven,4185
sot,4186
ven,4187
nbl,4188
afr,4189
eng,4190
sot,4191
eng,4192
eng,4193
afr,4194
sot,4195
eng,4196
eng,4197
afr,4198
eng,4199
eng,4200
sot,4201
sot,4202
sot,4203
tsn,4204
eng,4205
eng,4206
sot,4207
eng,4208
eng,4209
ven,4210
ven,4211
eng,4212
eng,4213
tsn,4214
eng,4215
eng,4216
tso,4217
ven,4218
eng,4219
eng,4220
sot,4221
eng,4222
sot,4223
eng,4224
afr,4225
eng,4226
eng,4227
eng,4228
ven,4229
eng,4230
eng,4231
eng,4232
sot,4233
tsn,4234
ven,4235
afr,4236
sot,4237
ssw,4238
sot,4239
afr,4240
sot,4241
ven,4242
sot,4243
tso,4244
eng,4245
tso,4246
eng,4247
eng,4248
afr,4249
sot,4250
tsn,4251
tso,4252
eng,4253
eng,4254
tsn,4255
sot,4256
eng,4257
sot,4258
eng,4259
eng,4260
eng,4261
ven,4262
sot,4263
afr,4264
sot,4265
tsn,4266
tso,4267
eng,4268
ssw,4269
eng,4270
eng,4271
eng,4272
eng,4273
ven,4274
eng,4275
ven,4276
eng,4277
eng,4278
eng,4279
eng,4280
tso,4281
sot,4282
ven,4283
eng,4284
eng,4285
eng,4286
eng,4287
ven,4288
eng,4289
eng,4290
ven,4291
eng,4292
eng,4293
eng,4294
xho,4295
tso,4296
eng,4297
sot,4298
ven,4299
eng,4300
sot,4301
sot,4302
tsn,4303
sot,4304
sot,4305
afr,4306
eng,4307
afr,4308
eng,4309
sot,4310
sot,4311
sot,4312
eng,4313
eng,4314
afr,4315
eng,4316
ven,4317
tsn,4318
sot,4319
eng,4320
ven,4321
eng,4322
eng,4323
eng,4324
tsn,4325
sot,4326
ven,4327
sot,4328
tso,4329
sot,4330
eng,4331
tso,4332
ven,4333
eng,4334
sot,4335
eng,4336
sot,4337
tsn,4338
eng,4339
eng,4340
eng,4341
afr,4342
eng,4343
eng,4344
sot,4345
eng,4346
sot,4347
eng,4348
tsn,4349
afr,4350
eng,4351
eng,4352
afr,4353
ven,4354
eng,4355
ven,4356
eng,4357
tso,4358
sot,4359
afr,4360
sot,4361
sot,4362
afr,4363
eng,4364
sot,4365
afr,4366
eng,4367
sot,4368
eng,4369
ven,4370
ven,4371
afr,4372
tsn,4373
eng,4374
sot,4375
eng,4376
eng,4377
sot,4378
sot,4379
eng,4380
eng,4381
tsn,4382
ssw,4383
tso,4384
eng,4385
afr,4386
tsn,4387
tsn,4388
eng,4389
afr,4390
afr,4391
sot,4392
eng,4393
ven,4394
eng,4395
eng,4396
afr,4397
eng,4398
tso,4399
tso,4400
sot,4401
afr,4402
sot,4403
ven,4404
afr,4405
tsn,4406
ven,4407
eng,4408
eng,4409
ven,4410
afr,4411
tso,4412
tso,4413
eng,4414
eng,4415
sot,4416
afr,4417
eng,4418
ven,4419
eng,4420
eng,4421
eng,4422
sot,4423
tsn,4424
sot,4425
eng,4426
eng,4427
sot,4428
eng,4429
sot,4430
eng,4431
sot,4432
afr,4433
tso,4434
afr,4435
afr,4436
sot,4437
ven,4438
eng,4439
ssw,4440
eng,4441
eng,4442
ven,4443
tsn,4444
sot,4445
sot,4446
eng,4447
eng,4448
sot,4449
ven,4450
tso,4451
eng,4452
eng,4453
ven,4454
eng,4455
afr,4456
tsn,4457
eng,4458
eng,4459
eng,4460
sot,4461
afr,4462
afr,4463
tso,4464
eng,4465
tso,4466
eng,4467
eng,4468
tso,4469
ven,4470
tsn,4471
afr,4472
tso,4473
sot,4474
afr,4475
eng,4476
eng,4477
sot,4478
tso,4479
eng,4480
eng,4481
sot,4482
sot,4483
eng,4484
eng,4485
eng,4486
ven,4487
eng,4488
sot,4489
eng,4490
sot,4491
tso,4492
sot,4493
eng,4494
afr,4495
ven,4496
eng,4497
afr,4498
eng,4499
sot,4500
eng,4501
ven,4502
eng,4503
eng,4504
sot,4505
ven,4506
eng,4507
eng,4508
ven,4509
sot,4510
eng,4511
eng,4512
eng,4513
tso,4514
eng,4515
ven,4516
ven,4517
sot,4518
ven,4519
sot,4520
ven,4521
tsn,4522
tso,4523
tso,4524
eng,4525
tsn,4526
ven,4527
sot,4528
eng,4529
eng,4530
eng,4531
eng,4532
eng,4533
tsn,4534
afr,4535
sot,4536
sot,4537
afr,4538
eng,4539
eng,4540
eng,4541
afr,4542
tso,4543
tsn,4544
ssw,4545
sot,4546
sot,4547
ven,4548
eng,4549
ven,4550
eng,4551
afr,4552
sot,4553
eng,4554
eng,4555
ven,4556
ven,4557
tso,4558
ven,4559
ven,4560
eng,4561
ven,4562
eng,4563
sot,4564
ven,4565
sot,4566
sot,4567
eng,4568
eng,4569
ven,4570
ven,4571
ven,4572
afr,4573
eng,4574
eng,4575
ven,4576
eng,4577
eng,4578
eng,4579
eng,4580
tso,4581
ssw,4582
sot,4583
sot,4584
ven,4585
ven,4586
eng,4587
sot,4588
eng,4589
sot,4590
sot,4591
tsn,4592
sot,4593
ven,4594
eng,4595
tsn,4596
ven,4597
eng,4598
ven,4599
afr,4600
sot,4601
tso,4602
sot,4603
ven,4604
eng,4605
tso,4606
eng,4607
afr,4608
eng,4609
ven,4610
afr,4611
sot,4612
tso,4613
afr,4614
afr,4615
ven,4616
eng,4617
tsn,4618
ven,4619
eng,4620
ven,4621
eng,4622
tsn,4623
eng,4624
ssw,4625
eng,4626
eng,4627
afr,4628
sot,4629
sot,4630
sot,4631
eng,4632
eng,4633
ven,4634
sot,4635
eng,4636
eng,4637
eng,4638
ven,4639
eng,4640
eng,4641
sot,4642
tso,4643
tso,4644
sot,4645
sot,4646
sot,4647
eng,4648
tso,4649
eng,4650
eng,4651
sot,4652
tso,4653
eng,4654
sot,4655
ven,4656
eng,4657
tsn,4658
ssw,4659
ven,4660
eng,4661
eng,4662
sot,4663
eng,4664
afr,4665
eng,4666
eng,4667
ven,4668
afr,4669
ven,4670
eng,4671
sot,4672
ven,4673
eng,4674
ven,4675
eng,4676
ven,4677
eng,4678
xho,4679
eng,4680
eng,4681
eng,4682
eng,4683
ven,4684
tsn,4685
afr,4686
sot,4687
eng,4688
ven,4689
tso,4690
eng,4691
eng,4692
sot,4693
eng,4694
ven,4695
sot,4696
sot,4697
eng,4698
eng,4699
eng,4700
afr,4701
eng,4702
ven,4703
eng,4704
tso,4705
eng,4706
eng,4707
sot,4708
tsn,4709
eng,4710
eng,4711
eng,4712
sot,4713
afr,4714
afr,4715
eng,4716
eng,4717
eng,4718
eng,4719
eng,4720
afr,4721
ven,4722
eng,4723
eng,4724
sot,4725
eng,4726
eng,4727
ven,4728
sot,4729
eng,4730
sot,4731
eng,4732
sot,4733
eng,4734
eng,4735
eng,4736
tso,4737
sot,4738
eng,4739
tso,4740
sot,4741
ven,4742
sot,4743
eng,4744
eng,4745
ven,4746
eng,4747
sot,4748
eng,4749
eng,4750
afr,4751
eng,4752
sot,4753
ven,4754
sot,4755
afr,4756
sot,4757
ven,4758
eng,4759
sot,4760
sot,4761
ven,4762
ven,4763
eng,4764
eng,4765
sot,4766
sot,4767
eng,4768
sot,4769
ven,4770
eng,4771
eng,4772
sot,4773
eng,4774
eng,4775
sot,4776
sot,4777
sot,4778
eng,4779
eng,4780
sot,4781
eng,4782
eng,4783
afr,4784
afr,4785
tso,4786
eng,4787
ven,4788
eng,4789
ven,4790
eng,4791
afr,4792
eng,4793
eng,4794
sot,4795
eng,4796
ven,4797
sot,4798
sot,4799
afr,4800
eng,4801
sot,4802
eng,4803
eng,4804
eng,4805
eng,4806
ven,4807
tsn,4808
eng,4809
afr,4810
eng,4811
eng,4812
eng,4813
tso,4814
sot,4815
tso,4816
sot,4817
tso,4818
ven,4819
ven,4820
eng,4821
sot,4822
tsn,4823
sot,4824
sot,4825
afr,4826
afr,4827
eng,4828
sot,4829
eng,4830
sot,4831
eng,4832
eng,4833
eng,4834
sot,4835
eng,4836
sot,4837
ven,4838
eng,4839
eng,4840
eng,4841
eng,4842
tsn,4843
eng,4844
eng,4845
ven,4846
sot,4847
afr,4848
tso,4849
eng,4850
afr,4851
sot,4852
ven,4853
eng,4854
ven,4855
ven,4856
sot,4857
eng,4858
ven,4859
eng,4860
afr,4861
afr,4862
eng,4863
sot,4864
sot,4865
eng,4866
tsn,4867
eng,4868
eng,4869
eng,4870
eng,4871
sot,4872
tsn,4873
eng,4874
eng,4875
eng,4876
eng,4877
eng,4878
eng,4879
tsn,4880
tsn,4881
afr,4882
eng,4883
eng,4884
sot,4885
ven,4886
eng,4887
sot,4888
eng,4889
eng,4890
eng,4891
eng,4892
tsn,4893
eng,4894
eng,4895
afr,4896
eng,4897
ssw,4898
sot,4899
ven,4900
eng,4901
eng,4902
eng,4903
afr,4904
eng,4905
tso,4906
eng,4907
sot,4908
sot,4909
tsn,4910
sot,4911
sot,4912
eng,4913
sot,4914
ven,4915
eng,4916
eng,4917
sot,4918
eng,4919
sot,4920
afr,4921
eng,4922
ven,4923
ssw,4924
afr,4925
afr,4926
ven,4927
eng,4928
eng,4929
eng,4930
eng,4931
eng,4932
ven,4933
tsn,4934
ven,4935
eng,4936
eng,4937
eng,4938
eng,4939
sot,4940
ven,4941
sot,4942
eng,4943
eng,4944
eng,4945
ven,4946
eng,4947
ven,4948
tso,4949
eng,4950
eng,4951
afr,4952
sot,4953
eng,4954
tsn,4955
sot,4956
sot,4957
sot,4958
eng,4959
eng,4960
sot,4961
eng,4962
sot,4963
afr,4964
sot,4965
eng,4966
eng,4967
tsn,4968
sot,4969
sot,4970
sot,4971
sot,4972
eng,4973
eng,4974
afr,4975
tso,4976
tso,4977
eng,4978
tsn,4979
eng,4980
eng,4981
eng,4982
tso,4983
eng,4984
eng,4985
sot,4986
eng,4987
afr,4988
tso,4989
afr,4990
sot,4991
eng,4992
eng,4993
tsn,4994
afr,4995
eng,4996
eng,4997
tsn,4998
afr,4999
eng,5000
sot,5001
tso,5002
tsn,5003
sot,5004
afr,5005
sot,5006
eng,5007
eng,5008
ven,5009
eng,5010
eng,5011
sot,5012
sot,5013
sot,5014
ven,5015
sot,5016
eng,5017
eng,5018
eng,5019
sot,5020
eng,5021
eng,5022
ssw,5023
eng,5024
tso,5025
eng,5026
sot,5027
eng,5028
tsn,5029
sot,5030
sot,5031
sot,5032
eng,5033
afr,5034
eng,5035
eng,5036
eng,5037
eng,5038
eng,5039
tso,5040
eng,5041
afr,5042
sot,5043
eng,5044
sot,5045
eng,5046
eng,5047
eng,5048
eng,5049
sot,5050
eng,5051
sot,5052
sot,5053
tso,5054
eng,5055
eng,5056
afr,5057
eng,5058
eng,5059
eng,5060
sot,5061
eng,5062
sot,5063
eng,5064
eng,5065
ven,5066
sot,5067
eng,5068
sot,5069
sot,5070
afr,5071
eng,5072
ven,5073
eng,5074
sot,5075
afr,5076
eng,5077
eng,5078
tso,5079
eng,5080
eng,5081
eng,5082
eng,5083
ven,5084
tso,5085
tsn,5086
sot,5087
eng,5088
eng,5089
ven,5090
eng,5091
afr,5092
eng,5093
sot,5094
afr,5095
eng,5096
eng,5097
eng,5098
afr,5099
ssw,5100
afr,5101
tsn,5102
eng,5103
sot,5104
afr,5105
ven,5106
sot,5107
eng,5108
eng,5109
tsn,5110
eng,5111
sot,5112
sot,5113
afr,5114
tsn,5115
sot,5116
eng,5117
sot,5118
afr,5119
sot,5120
eng,5121
eng,5122
sot,5123
eng,5124
afr,5125
afr,5126
eng,5127
eng,5128
ven,5129
tsn,5130
afr,5131
sot,5132
eng,5133
ven,5134
ssw,5135
eng,5136
eng,5137
tsn,5138
eng,5139
tso,5140
eng,5141
eng,5142
eng,5143
eng,5144
tso,5145
eng,5146
sot,5147
ven,5148
ven,5149
eng,5150
afr,5151
eng,5152
sot,5153
sot,5154
eng,5155
sot,5156
sot,5157
eng,5158
eng,5159
eng,5160
ven,5161
eng,5162
sot,5163
ven,5164
eng,5165
sot,5166
tso,5167
eng,5168
sot,5169
tsn,5170
sot,5171
tsn,5172
tsn,5173
eng,5174
afr,5175
tso,5176
sot,5177
ven,5178
ven,5179
eng,5180
tso,5181
afr,5182
afr,5183
sot,5184
sot,5185
sot,5186
sot,5187
sot,5188
eng,5189
sot,5190
eng,5191
eng,5192
eng,5193
eng,5194
eng,5195
tso,5196
eng,5197
eng,5198
sot,5199
ven,5200
tsn,5201
sot,5202
eng,5203
afr,5204
afr,5205
afr,5206
sot,5207
tsn,5208
tso,5209
ven,5210
tsn,5211
tso,5212
ven,5213
sot,5214
sot,5215
eng,5216
afr,5217
eng,5218
ven,5219
eng,5220
eng,5221
ssw,5222
eng,5223
nbl,5224
eng,5225
afr,5226
ven,5227
sot,5228
eng,5229
afr,5230
tso,5231
sot,5232
sot,5233
sot,5234
sot,5235
eng,5236
eng,5237
tso,5238
ven,5239
afr,5240
sot,5241
tso,5242
ven,5243
ssw,5244
eng,5245
sot,5246
eng,5247
sot,5248
ven,5249
eng,5250
eng,5251
eng,5252
afr,5253
ven,5254
eng,5255
eng,5256
sot,5257
ven,5258
eng,5259
sot,5260
afr,5261
eng,5262
sot,5263
tso,5264
nbl,5265
tsn,5266
eng,5267
ven,5268
eng,5269
ven,5270
sot,5271
eng,5272
eng,5273
eng,5274
eng,5275
ven,5276
afr,5277
tso,5278
sot,5279
eng,5280
eng,5281
eng,5282
eng,5283
xho,5284
tsn,5285
sot,5286
eng,5287
eng,5288
tso,5289
ven,5290
eng,5291
sot,5292
eng,5293
ven,5294
eng,5295
eng,5296
tso,5297
sot,5298
afr,5299
eng,5300
eng,5301
eng,5302
eng,5303
afr,5304
eng,5305
afr,5306
afr,5307
sot,5308
sot,5309
sot,5310
eng,5311
ven,5312
eng,5313
eng,5314
eng,5315
afr,5316
eng,5317
sot,5318
sot,5319
eng,5320
eng,5321
eng,5322
eng,5323
eng,5324
eng,5325
ven,5326
afr,5327
tsn,5328
ven,5329
ven,5330
eng,5331
ven,5332
eng,5333
eng,5334
sot,5335
sot,5336
tso,5337
eng,5338
eng,5339
eng,5340
eng,5341
ven,5342
ven,5343
sot,5344
eng,5345
eng,5346
eng,5347
ven,5348
tso,5349
eng,5350
eng,5351
sot,5352
sot,5353
eng,5354
sot,5355
eng,5356
eng,5357
eng,5358
eng,5359
eng,5360
sot,5361
eng,5362
eng,5363
sot,5364
eng,5365
sot,5366
eng,5367
tso,5368
sot,5369
afr,5370
ven,5371
eng,5372
ven,5373
ven,5374
ven,5375
ven,5376
eng,5377
tso,5378
eng,5379
xho,5380
tsn,5381
ven,5382
eng,5383
tso,5384
eng,5385
sot,5386
eng,5387
ven,5388
ssw,5389
ven,5390
tso,5391
sot,5392
sot,5393
ven,5394
sot,5395
tso,5396
ven,5397
eng,5398
ssw,5399
sot,5400
eng,5401
sot,5402
sot,5403
sot,5404
eng,5405
eng,5406
eng,5407
eng,5408
ven,5409
eng,5410
sot,5411
eng,5412
ven,5413
eng,5414
tso,5415
ven,5416
eng,5417
eng,5418
afr,5419
eng,5420
sot,5421
sot,5422
eng,5423
eng,5424
sot,5425
afr,5426
sot,5427
tsn,5428
tsn,5429
sot,5430
eng,5431
eng,5432
eng,5433
eng,5434
afr,5435
afr,5436
eng,5437
eng,5438
eng,5439
eng,5440
sot,5441
tso,5442
eng,5443
eng,5444
sot,5445
afr,5446
eng,5447
sot,5448
eng,5449
tsn,5450
eng,5451
tso,5452
eng,5453
sot,5454
ven,5455
afr,5456
ven,5457
ven,5458
ven,5459
ven,5460
afr,5461
ven,5462
sot,5463
eng,5464
tso,5465
eng,5466
sot,5467
nbl,5468
tso,5469
sot,5470
eng,5471
eng,5472
eng,5473
sot,5474
sot,5475
eng,5476
eng,5477
ven,5478
tso,5479
ven,5480
ven,5481
tsn,5482
sot,5483
eng,5484
eng,5485
eng,5486
eng,5487
ven,5488
eng,5489
tsn,5490
ven,5491
sot,5492
sot,5493
ven,5494
sot,5495
tso,5496
ven,5497
ven,5498
tso,5499
ven,5500
sot,5501
sot,5502
sot,5503
eng,5504
afr,5505
ven,5506
ven,5507
sot,5508
afr,5509
sot,5510
eng,5511
eng,5512
sot,5513
sot,5514
eng,5515
eng,5516
sot,5517
eng,5518
afr,5519
tsn,5520
ven,5521
tsn,5522
eng,5523
eng,5524
eng,5525
ven,5526
sot,5527
eng,5528
sot,5529
eng,5530
sot,5531
sot,5532
sot,5533
eng,5534
eng,5535
eng,5536
eng,5537
sot,5538
sot,5539
eng,5540
tso,5541
afr,5542
eng,5543
ven,5544
tsn,5545
tso,5546
sot,5547
eng,5548
tsn,5549
afr,5550
sot,5551
tsn,5552
afr,5553
eng,5554
ven,5555
ven,5556
ven,5557
sot,5558
eng,5559
sot,5560
tsn,5561
sot,5562
ven,5563
afr,5564
afr,5565
sot,5566
sot,5567
ven,5568
eng,5569
ven,5570
tso,5571
eng,5572
tso,5573
sot,5574
eng,5575
eng,5576
tso,5577
eng,5578
tso,5579
sot,5580
eng,5581
eng,5582
eng,5583
ven,5584
eng,5585
sot,5586
eng,5587
eng,5588
eng,5589
tso,5590
xho,5591
ven,5592
tsn,5593
tsn,5594
eng,5595
afr,5596
tsn,5597
eng,5598
sot,5599
eng,5600
afr,5601
sot,5602
tso,5603
sot,5604
tso,5605
eng,5606
ven,5607
sot,5608
ven,5609
sot,5610
afr,5611
ven,5612
afr,5613
sot,5614
eng,5615
eng,5616
ven,5617
tso,5618
tso,5619
eng,5620
ven,5621
eng,5622
eng,5623
ven,5624
tsn,5625
ven,5626
eng,5627
ven,5628
afr,5629
ven,5630
sot,5631
eng,5632
sot,5633
eng,5634
sot,5635
eng,5636
eng,5637
eng,5638
eng,5639
eng,5640
sot,5641
sot,5642
eng,5643
tso,5644
eng,5645
tso,5646
sot,5647
eng,5648
sot,5649
eng,5650
sot,5651
ven,5652
eng,5653
sot,5654
tsn,5655
sot,5656
eng,5657
sot,5658
eng,5659
ven,5660
eng,5661
eng,5662
eng,5663
afr,5664
ven,5665
afr,5666
eng,5667
eng,5668
eng,5669
eng,5670
eng,5671
sot,5672
afr,5673
tso,5674
tsn,5675
ven,5676
ven,5677
eng,5678
sot,5679
sot,5680
sot,5681
ssw,5682
